id;name;jhi_order;create_time;update_time;del_flag
1;program copy;59992;2021-01-27T01:14:20;2021-01-26T15:27:33;98625
2;XML initiatives;56805;2021-01-26T19:19:50;2021-01-26T11:55:48;91842
3;mobile;4048;2021-01-26T17:04:27;2021-01-26T10:53:02;90322
4;yellow Incredible 栋;86281;2021-01-27T03:03:45;2021-01-26T16:18:28;51025
5;Sausages grey;39794;2021-01-27T06:18:45;2021-01-26T23:58:47;57517
6;Wooden front-end Industrial;11765;2021-01-26T20:05:25;2021-01-26T14:58:10;57755
7;Fresh Developer Cheese;61978;2021-01-26T14:12:37;2021-01-27T05:38:38;48123
8;街 architecture interfaces;99842;2021-01-27T06:46:03;2021-01-26T18:14:20;53111
9;Tugrik Borders Account;98219;2021-01-27T04:54:08;2021-01-26T20:51:16;85571
10;Baht Buckinghamshire driver;10182;2021-01-26T18:24:42;2021-01-27T03:11:21;51442
